problem,Result,Time(s),,,,,,,,
p1-result,10053.0,6.803373098373413,,,,,,,,
p1-status,1,1,1,0,0,1,0,1,1,1
p1-assignment,"[47, 15, 17, 12, 32, 45, 49, 28, 37]","[4, 20, 2, 42, 26]","[30, 38, 13, 39, 24, 0, 16, 8, 33]",[],[],"[29, 3, 9, 27, 25, 31, 40, 6, 43]",[],"[36, 19, 48, 44, 21, 23]","[11, 41, 14, 5, 1]","[35, 22, 7, 18, 46, 10, 34]"
problem,Result,Time(s),,,,,,,,
p2-result,8652.0,7.553239345550537,,,,,,,,
p2-status,1,1,1,1,0,1,0,1,1,1
p2-assignment,"[49, 38, 45, 47, 32, 17, 11, 28]","[2, 42, 9, 26]","[46, 30, 6, 8, 16, 39, 1, 13]","[33, 4, 20, 40, 12, 37, 15]",[],"[43, 25, 3, 24, 31, 27, 29]",[],"[19, 36, 35, 48, 44, 21]","[0, 14, 5, 41]","[34, 10, 18, 23, 22, 7]"
problem,Result,Time(s),,,,,,,,
p3-result,9922.0,7.281182527542114,,,,,,,,
p3-status,1,1,1,1,1,0,0,0,1,1
p3-assignment,"[17, 38, 32, 45, 47, 28, 12, 11, 33]","[29, 9, 42, 27, 2]","[30, 24, 6, 16, 25, 13, 43, 1]","[20, 49, 15, 4, 26, 40, 37]","[8, 21, 39, 48, 7, 35, 44, 19, 36, 46, 23]",[],[],[],"[0, 41, 5, 14]","[3, 22, 34, 31, 10, 18]"
problem,Result,Time(s),,,,,,,,
p4-result,13178.0,7.03627610206604,,,,,,,,
p4-status,0,1,0,1,1,1,1,1,1,0
p4-assignment,[],"[42, 4, 26, 2, 9]",[],"[11, 47, 12, 32, 38, 15, 45, 28, 37]","[0, 10, 16, 46, 1, 39, 8, 7, 48, 35, 23]","[33, 29, 24, 40, 43, 25, 6, 27, 49, 20]","[3, 22, 31, 18, 34, 30]","[44, 19, 21, 36, 13]","[17, 41, 14, 5]",[]
problem,Result,Time(s),,,,,,,,
p5-result,10597.0,7.103492975234985,,,,,,,,
p5-status,1,1,1,1,0,1,1,0,1,1
p5-assignment,"[32, 21, 45, 28, 49, 17, 12]","[42, 36, 9, 40, 26, 2]","[39, 8, 16, 1, 13, 6]","[20, 33, 47, 15, 37, 4]",[],"[46, 43, 24, 25, 29, 27]","[3, 31, 30, 22, 34]",[],"[14, 48, 11, 0, 38, 5, 41, 44]","[10, 7, 19, 18, 23, 35]"
problem,Result,Time(s),,,,,,,,
p6-result,8353.0,6.9442458152771,,,,,,,,
p6-status,1,1,1,1,1,0,1,1,1,0
p6-assignment,"[49, 28, 45, 47, 32, 17]","[29, 42, 2, 40, 9, 25, 27, 26]","[24, 6, 18, 13, 46]","[12, 4, 20, 37, 15, 33, 1]","[34, 7, 39, 35, 16, 8, 10, 23]",[],"[43, 22, 31, 3, 30]","[44, 36, 48, 19]","[0, 5, 38, 14, 21, 11, 41]",[]
problem,Result,Time(s),,,,,,,,
p7-result,10073.0,6.812378168106079,,,,,,,,
p7-status,1,1,1,1,1,1,0,0,1,1
p7-assignment,"[12, 45, 32, 38, 17, 47, 28]","[20, 42, 40, 26, 2, 4, 29, 9]","[13, 24, 16, 46, 30, 1]","[15, 37, 33, 49, 6]","[39, 8, 23, 44, 7, 48, 35, 36]","[25, 3, 31, 43, 27]",[],[],"[0, 14, 21, 5, 11, 41]","[22, 18, 10, 19, 34]"
problem,Result,Time(s),,,,,,,,
p8-result,11902.0,6.57822585105896,,,,,,,,
p8-status,1,1,1,1,1,1,0,1,1,0
p8-assignment,"[12, 38, 45, 32, 28, 47, 17]","[26, 42, 4, 40, 2, 9]","[6, 22, 46, 30, 16]","[33, 37, 20, 15, 49]","[35, 7, 39, 10, 23, 18, 34]","[3, 31, 43, 27, 25, 29, 24]",[],"[36, 13, 19, 44, 48, 8]","[0, 41, 11, 1, 14, 5, 21]",[]
problem,Result,Time(s),,,,,,,,
p9-result,10902.0,6.585132598876953,,,,,,,,
p9-status,1,1,0,1,0,0,0,0,1,1
p9-assignment,"[32, 28, 45, 49, 16, 47, 38, 17, 1]","[29, 43, 3, 2, 27, 26, 25, 9, 40, 42, 4]",[],"[37, 20, 12, 24, 15, 13, 6, 33, 30]",[],[],[],[],"[21, 0, 11, 8, 5, 48, 44, 19, 14, 41, 36]","[23, 39, 10, 18, 34, 7, 31, 22, 46, 35]"
problem,Result,Time(s),,,,,,,,
p10-result,8586.0,6.883415937423706,,,,,,,,
p10-status,1,1,0,0,1,1,0,1,1,0
p10-assignment,"[47, 15, 45, 12, 32, 17, 33, 38, 49]","[9, 6, 2, 20, 26, 42, 4, 40, 37]",[],[],"[8, 46, 10, 39, 34, 7, 48, 23, 18, 35, 16]","[30, 31, 29, 22, 43, 25, 3, 27, 24]",[],"[36, 19, 44]","[5, 1, 0, 11, 13, 14, 41, 28, 21]",[]
problem,Result,Time(s),,,,,,,,
p11-result,10721.0,6.859328508377075,,,,,,,,
p11-status,1,1,0,1,0,0,1,0,1,1
p11-assignment,"[28, 47, 45, 49, 17, 36, 38, 32]","[40, 24, 29, 9, 2, 26, 42, 27]",[],"[20, 15, 37, 6, 33, 12, 4]",[],[],"[22, 31, 43, 3, 25, 18]",[],"[13, 44, 14, 41, 11, 8, 0, 1, 48, 5, 21]","[19, 30, 34, 16, 46, 23, 35, 10, 39, 7]"
problem,Result,Time(s),,,,,,,,
p12-result,12181.0,6.689163446426392,,,,,,,,
p12-status,1,0,0,0,1,1,0,1,1,0
p12-assignment,"[47, 12, 15, 49, 17, 26, 37, 28, 45, 4, 32]",[],[],[],"[39, 7, 3, 23, 10, 46, 35, 16, 34, 30]","[25, 29, 20, 2, 27, 40, 24, 31, 42, 9, 43]",[],"[18, 36, 19, 13, 8, 48, 21, 44, 22]","[1, 5, 0, 14, 41, 11, 33, 6, 38]",[]
problem,Result,Time(s),,,,,,,,,,,,,,,,,,
p13-result,10099.0,8.236951112747192,,,,,,,,,,,,,,,,,,
p13-status,1,1,0,0,0,1,0,0,1,1,0,0,1,1,0,0,1,1,0,0
p13-assignment,"[43, 41, 10]","[4, 37, 28, 12, 25, 38]",[],[],[],"[21, 42, 45, 39, 16, 22]",[],[],"[36, 44, 40]","[49, 24, 19, 13, 47]",[],[],"[46, 1, 8, 20, 5, 17, 15]","[30, 32, 23, 48, 14, 7]",[],[],"[0, 2, 33, 26, 35, 3, 31]","[18, 11, 27, 34, 9, 29, 6]",[],[]
problem,Result,Time(s),,,,,,,,,,,,,,,,,,
p14-result,9614.0,7.4369964599609375,,,,,,,,,,,,,,,,,,
p14-status,1,0,0,0,1,0,1,0,0,0,0,1,1,1,0,0,1,1,0,0
p14-assignment,"[39, 43, 42, 22, 41]",[],[],[],"[11, 18, 48, 37, 38]",[],"[3, 47, 24, 19, 17, 35, 13]",[],[],[],[],"[40, 34, 49, 36, 44, 15]","[46, 1, 31, 5, 20, 8, 12]","[14, 30, 32, 7, 45, 21, 23]",[],[],"[0, 33, 10, 26, 2, 16]","[9, 6, 4, 25, 27, 28, 29]",[],[]
problem,Result,Time(s),,,,,,,,,,,,,,,,,,
p15-result,11526.0,7.593796968460083,,,,,,,,,,,,,,,,,,
p15-status,1,0,1,0,1,0,0,0,0,1,0,1,0,0,0,1,1,1,0,0
p15-assignment,"[42, 41, 10, 46, 43]",[],"[30, 39, 4, 5, 32, 23, 37, 14]",[],"[48, 38, 25, 18, 11, 12]",[],[],[],[],"[40, 49, 35, 19, 24]",[],"[36, 44, 13, 47, 8, 15, 1]",[],[],[],"[21, 7, 22, 16, 31, 20, 45]","[0, 2, 17, 26, 3, 33]","[6, 29, 27, 9, 28, 34]",[],[]
problem,Result,Time(s),,,,,,,,,,,,,,,,,,
p16-result,11989.0,7.553254127502441,,,,,,,,,,,,,,,,,,
p16-status,0,0,0,0,0,1,0,0,0,1,0,1,0,1,0,1,1,1,0,1
p16-assignment,[],[],[],[],[],"[42, 43, 45, 41]",[],[],[],"[24, 13, 19, 47, 49]",[],"[1, 40, 44, 36, 8, 34, 15]",[],"[32, 30, 39, 7, 14, 5]",[],"[31, 46, 17, 22, 21, 10, 16]","[26, 33, 3, 0, 2, 35]","[29, 25, 9, 27, 18, 6]",[],"[37, 11, 38, 23, 48, 12, 20, 4, 28]"
problem,Result,Time(s),,,,,,,,,,,,,,,,,,
p17-result,10148.0,7.292506694793701,,,,,,,,,,,,,,,,,,
p17-status,1,1,1,0,0,0,0,0,0,1,1,0,1,0,1,0,1,0,0,1
p17-assignment,"[41, 42, 16, 33, 43]","[12, 28, 18, 9, 6, 27, 29]","[32, 39, 30, 7, 45, 14]",[],[],[],[],[],[],"[40, 49, 19, 44, 24]","[35, 17, 3, 2, 47, 13]",[],"[1, 36, 5, 34]",[],"[22, 8, 20, 15, 21, 46, 31]",[],"[0, 26, 10]",[],[],"[38, 48, 23, 37, 11, 4, 25]"
problem,Result,Time(s),,,,,,,,,,,,,,,,,,
p18-result,8603.0,7.432925462722778,,,,,,,,,,,,,,,,,,
p18-status,0,0,0,0,1,0,1,1,0,0,0,1,1,1,1,0,1,1,0,0
p18-assignment,[],[],[],[],"[38, 18, 48, 11, 23]",[],"[24, 19, 13, 47, 35, 40]","[31, 16, 3, 2, 42, 17, 10]",[],[],[],"[34, 36, 49, 44]","[28, 15, 37, 12, 4, 1]","[7, 32, 14, 45, 30, 39]","[8, 20, 46, 22, 21, 5]",[],"[26, 0, 33, 43, 41]","[9, 27, 25, 29, 6]",[],[]
problem,Result,Time(s),,,,,,,,,,,,,,,,,,
p19-result,10224.0,7.351291656494141,,,,,,,,,,,,,,,,,,
p19-status,0,1,1,0,0,0,0,1,0,0,1,0,0,0,0,1,1,1,0,1
p19-assignment,[],"[34, 28, 20, 15, 1, 44, 25, 4]","[7, 14, 39, 32, 30]",[],[],[],[],"[8, 40, 31, 49, 46, 2]",[],[],"[24, 17, 35, 3, 19, 13, 47]",[],[],[],[],"[22, 42, 10, 16, 45, 21, 5]","[26, 43, 33, 0, 41]","[36, 18, 9, 27, 29, 6]",[],"[48, 23, 37, 38, 11, 12]"
problem,Result,Time(s),,,,,,,,,,,,,,,,,,
p20-result,12749.0,7.309820175170898,,,,,,,,,,,,,,,,,,
p20-status,0,0,0,0,1,1,0,0,0,1,0,1,0,1,0,0,1,1,0,1
p20-assignment,[],[],[],[],"[18, 25, 11]","[31, 45, 41, 42, 22, 10, 21]",[],[],[],"[24, 19, 13, 47, 35, 49]",[],"[36, 44, 40, 46, 17, 15, 8]",[],"[16, 30, 7, 14, 39, 32]",[],[],"[2, 33, 0, 26, 43, 3]","[6, 27, 29, 28, 34, 1, 9]",[],"[48, 37, 38, 20, 23, 4, 5, 12]"
problem,Result,Time(s),,,,,,,,,,,,,,,,,,
p21-result,9871.0,7.424432039260864,,,,,,,,,,,,,,,,,,
p21-status,1,1,0,0,0,1,0,0,0,1,0,0,1,1,0,0,0,0,0,1
p21-assignment,"[33, 41, 0, 26, 43, 2, 3]","[25, 34, 27, 29, 36, 9, 4, 12, 6]",[],[],[],"[22, 42, 21, 16, 10, 45]",[],[],[],"[44, 35, 24, 49, 19, 13, 47]",[],[],"[28, 17, 1, 15, 46, 20, 8, 40, 31]","[39, 30, 7, 32, 14, 5]",[],[],[],[],[],"[23, 11, 37, 48, 18, 38]"
problem,Result,Time(s),,,,,,,,,,,,,,,,,,
p22-result,8646.0,7.528439044952393,,,,,,,,,,,,,,,,,,
p22-status,1,0,0,0,0,0,0,0,0,1,0,0,1,1,1,0,1,1,0,1
p22-assignment,"[16, 41, 42, 10]",[],[],[],[],[],[],[],[],"[49, 44, 24, 19, 35, 13]",[],[],"[4, 28, 1, 20, 5, 15]","[30, 7, 14, 39, 45, 32]","[17, 40, 22, 31, 8, 47, 21, 46]",[],"[0, 26, 2, 33, 3, 43]","[18, 36, 29, 34, 27, 9, 6]",[],"[38, 11, 37, 12, 25, 48, 23]"
problem,Result,Time(s),,,,,,,,,,,,,,,,,,
p23-result,9486.0,7.9996559619903564,,,,,,,,,,,,,,,,,,
p23-status,0,0,0,1,0,0,0,0,0,1,1,0,0,0,0,1,1,1,0,1
p23-assignment,[],[],[],"[36, 8, 34, 1, 28, 15, 44, 37]",[],[],[],[],[],"[24, 19, 49, 40]","[3, 31, 17, 35, 2, 46, 13, 47]",[],[],[],[],"[7, 20, 39, 21, 45, 16, 22, 10, 5]","[0, 26, 42, 41, 33, 43]","[25, 9, 27, 29, 6, 18]",[],"[38, 14, 48, 12, 11, 4, 23, 32, 30]"
problem,Result,Time(s),,,,,,,,,,,,,,,,,,
p24-result,14233.0,7.815373182296753,,,,,,,,,,,,,,,,,,
p24-status,1,0,0,0,1,1,0,0,0,0,1,0,0,0,0,0,1,1,0,0
p24-assignment,"[10, 21, 42, 41, 46, 22, 43]",[],[],[],"[4, 11, 27, 37, 48, 38, 1, 23, 9]","[39, 7, 16, 30, 14, 32, 45, 5, 20]",[],[],[],[],"[8, 19, 13, 35, 49, 24, 44, 3, 17]",[],[],[],[],[],"[33, 26, 2, 40, 0, 47, 31]","[15, 28, 12, 29, 6, 36, 18, 25, 34]",[],[]
problem,Result,Time(s),,,,,,,,,,,,,,,,,,,,,,,,,,,,
p25-result,14808.0,22.74316143989563,,,,,,,,,,,,,,,,,,,,,,,,,,,,
p25-status,1,0,1,0,0,1,1,1,0,0,0,1,0,0,1,0,0,1,0,0,1,1,0,0,0,0,0,0,0,0
p25-assignment,"[64, 83, 120, 94, 67, 140, 145, 125, 60, 97, 21, 92, 18, 63, 65, 114, 136, 19, 101, 57, 84, 85, 30, 130, 107]",[],"[112, 51, 20, 26, 90, 148, 108]",[],[],"[28, 147, 44, 127, 37, 7, 132, 133, 27, 118, 5, 42, 149, 116, 53, 105, 36]","[4, 71, 100, 32, 54]","[23, 38, 29, 87, 58, 14, 81, 128, 46]",[],[],[],"[122, 103, 74, 89, 113, 137, 146, 76, 131, 31, 126, 66, 79, 117, 129, 119, 91, 61, 48, 68, 93, 72, 33, 50, 98, 95, 1, 24]",[],[],"[8, 45, 16, 41, 15, 49, 78, 109, 6, 134, 104, 111, 135, 3, 143, 110, 96, 59, 52, 39]",[],[],"[56, 40, 9, 86, 73, 17, 102, 106, 139]",[],[],"[77, 43, 70, 141, 123, 80, 75, 47, 0, 124, 12, 99, 142, 82, 144, 138, 55, 35, 13, 88, 2, 34, 11, 121, 62, 25]","[69, 10, 22, 115]",[],[],[],[],[],[],[],[]
problem,Result,Time(s),,,,,,,,,,,,,,,,,,,,,,,,,,,,
p26-result,12629.0,23.65098476409912,,,,,,,,,,,,,,,,,,,,,,,,,,,,
p26-status,1,0,0,0,0,1,0,1,0,0,0,1,0,1,1,0,0,1,0,0,1,0,0,0,1,0,0,0,0,0
p26-assignment,"[60, 140, 73, 17, 97, 65, 87, 103, 133, 111, 85, 106, 38, 86, 67, 101, 139, 130, 128]",[],[],[],[],"[147, 137, 66, 118, 30, 53, 18, 120, 5, 61, 50, 28, 72, 10, 126, 115, 36]",[],"[81, 94, 58, 22, 92, 84, 43, 26, 14, 23, 136]",[],[],[],"[19, 64, 31, 107, 57, 1, 93, 48, 98, 63, 145, 125, 113, 33, 146, 131, 122, 24, 46, 114, 149, 105, 89, 21, 129]",[],"[0, 123, 71, 47, 32]","[148, 20, 41, 52, 45, 51, 96, 3, 4, 143, 102, 6, 75, 110, 59, 141, 108, 135]",[],[],"[112, 16, 39, 83, 56, 78, 40, 90, 9, 104]",[],[],"[34, 70, 11, 80, 144, 62, 77, 142, 109, 54, 138, 55, 8, 15, 13, 100, 35, 82, 2, 99, 134, 124, 121, 25, 49, 88, 12]",[],[],[],"[132, 91, 95, 79, 7, 76, 27, 44, 69, 37, 74, 42, 68, 29, 116, 127, 119, 117]",[],[],[],[],[]
problem,Result,Time(s),,,,,,,,,,,,,,,,,,,,,,,,,,,,
p27-result,15183.0,22.70359230041504,,,,,,,,,,,,,,,,,,,,,,,,,,,,
p27-status,1,0,0,0,0,1,0,0,0,0,0,1,0,1,1,1,0,1,0,0,1,0,0,0,0,1,0,0,0,0
p27-assignment,"[67, 9, 140, 130, 73, 86, 94, 128, 46, 21, 90, 92, 22, 109, 125, 135, 81, 30, 84, 40, 60]",[],[],[],[],"[120, 147, 5, 53, 119, 27, 44, 74, 28, 126, 61, 132, 36, 129, 115, 7, 118, 116]",[],[],[],[],[],"[63, 87, 97, 72, 48, 107, 69, 114, 113, 19, 1, 148, 149, 6, 131, 33, 65, 136, 38, 10, 68, 58, 93, 64]",[],"[124, 55, 0, 82]","[108, 110, 111, 104, 45, 52, 102, 26, 41, 78, 100, 49, 16, 20, 121, 143, 3, 15, 51, 59, 39]","[37, 42, 117, 127]",[],"[139, 83, 56, 96, 85, 112, 17, 101, 106, 23]",[],[],"[88, 138, 99, 54, 11, 34, 62, 35, 75, 25, 77, 32, 134, 144, 141, 13, 43, 142, 70, 123, 12, 47, 2, 4, 71, 8, 80]",[],[],[],[],"[91, 103, 122, 146, 14, 137, 50, 98, 133, 145, 105, 29, 24, 57, 89, 66, 18, 31, 95, 79, 76]",[],[],[],[]
problem,Result,Time(s),,,,,,,,,,,,,,,,,,,,,,,,,,,,
p28-result,17881.0,21.860707759857178,,,,,,,,,,,,,,,,,,,,,,,,,,,,
p28-status,1,0,1,0,0,1,0,1,0,0,0,1,0,0,1,1,0,1,0,0,1,0,0,0,0,0,0,1,0,0
p28-assignment,"[73, 60, 85, 67, 130, 24, 92, 98, 140, 21, 14, 101, 65, 129, 132, 22, 78, 115, 23, 40, 81, 136, 131]",[],"[6, 104, 51, 96, 110, 3, 112, 26, 111]",[],[],"[149, 36, 79, 133, 53, 147, 119, 61, 28, 91, 95, 116, 27, 7, 5, 89, 118]",[],[106],[],[],[],"[64, 31, 69, 126, 137, 72, 87, 29, 37, 105, 19, 18, 128, 146, 120, 93, 68, 57, 125, 33, 63, 114, 113, 38, 48, 107, 103, 66]",[],[],"[143, 39, 135, 45, 108, 16, 52, 12, 71, 109, 15, 20, 70, 43, 134, 8, 59, 49, 102, 121]","[117, 127, 44, 42, 74, 10, 76]",[],"[139, 56, 83, 9, 148, 17, 86, 94, 90, 84]",[],[],"[34, 77, 11, 142, 100, 75, 32, 80, 88, 62, 82, 2, 4, 35, 144, 47, 99, 141, 138, 55, 54, 123, 124, 13, 41, 97, 25, 0]",[],[],[],[],[],[],"[1, 50, 122, 145, 58, 46, 30]",[],[]
problem,Result,Time(s),,,,,,,,,,,,,,,,,,,,,,,,,,,,
p29-result,15588.0,21.815921545028687,,,,,,,,,,,,,,,,,,,,,,,,,,,,
p29-status,1,0,1,0,0,1,1,0,0,0,0,1,0,0,1,1,0,1,0,1,1,0,0,0,1,1,0,0,0,0
p29-assignment,"[130, 87, 65, 50, 140, 128, 81, 106, 40, 48, 67, 60, 63, 58, 107, 14, 125]",[],"[3, 51, 148, 15, 41, 59, 136, 96, 112, 138, 86, 23]",[],[],"[53, 147, 95, 116, 126, 72, 5, 28, 61, 119, 36, 118, 120, 149, 18]","[82, 2, 99, 0, 71, 4, 43, 32, 54, 11]",[],[],[],[],"[145, 93, 131, 137, 57, 37, 38, 98, 21, 105, 64, 97, 113, 103, 19]",[],[],"[110, 52, 144, 49, 39, 135, 55, 141, 108, 100, 8, 90, 45, 16, 143]","[117, 29, 42]",[],"[101, 85, 73, 13, 9, 17, 83, 102, 56, 94, 139, 84, 30, 92]",[],"[109, 46, 121, 104, 20, 26, 111, 6, 78]","[35, 70, 75, 124, 123, 77, 88, 47, 62, 25, 134, 12, 80, 34, 142]",[],[],[],"[132, 68, 44, 27, 24, 10, 66, 76, 74, 91, 7, 127, 79]","[146, 133, 89, 122, 114, 22, 1, 129, 31, 115, 33, 69]",[],[],[],[]
problem,Result,Time(s),,,,,,,,,,,,,,,,,,,,,,,,,,,,
p30-result,13052.0,20.759112119674683,,,,,,,,,,,,,,,,,,,,,,,,,,,,
p30-status,1,0,1,0,0,1,0,1,1,0,0,1,0,1,1,0,0,1,0,0,1,0,0,0,1,1,0,0,0,0
p30-assignment,"[101, 130, 67, 72, 60, 63, 21, 40, 139, 84, 97, 140, 94, 38, 128]",[],"[143, 92, 8, 78, 148, 10, 96, 104, 26, 3, 112]",[],[],"[119, 53, 95, 127, 147, 79, 149, 22, 68, 57, 61, 132, 76, 5, 89]",[],"[87, 6, 51, 106, 81]","[144, 11, 141, 75, 134, 82]",[],[],"[1, 145, 126, 120, 65, 64, 136, 33, 113, 19, 58, 98, 133, 129]",[],"[54, 12, 121, 32, 47, 35, 4, 2, 99, 70, 55]","[52, 41, 108, 135, 45, 15, 102, 59, 109, 49, 43, 39, 110, 25, 111]",[],[],"[9, 86, 16, 73, 90, 17, 83, 46, 85, 23, 131, 20, 56, 14, 125]",[],[],"[34, 13, 77, 138, 100, 123, 142, 71, 124, 0, 80, 88, 62]",[],[],[],"[66, 116, 29, 28, 117, 44, 7, 37, 36, 91, 42, 74, 27, 118]","[48, 18, 114, 107, 30, 115, 31, 146, 24, 137, 69, 50, 93, 103, 122, 105]",[],[],[],[]
problem,Result,Time(s),,,,,,,,,,,,,,,,,,,,,,,,,,,,
p31-result,15744.0,20.531331539154053,,,,,,,,,,,,,,,,,,,,,,,,,,,,
p31-status,1,0,1,0,0,1,0,1,1,0,0,1,0,0,1,0,0,1,0,0,1,0,0,0,1,1,0,0,0,0
p31-assignment,"[139, 17, 72, 130, 140, 120, 128, 23, 40, 38, 106, 64, 57, 60, 58]",[],"[15, 108, 3, 6, 134, 112, 92, 20, 104, 26, 96, 51]",[],[],"[116, 147, 5, 119, 10, 53, 149, 126, 95, 76, 89, 74, 133]",[],"[81, 136, 87, 131, 101, 125, 97, 94, 84]","[41, 11, 100, 25, 12, 138, 35, 54, 49, 32, 43, 8, 141, 75]",[],[],"[19, 65, 129, 107, 98, 24, 93, 113, 21, 132, 50, 1, 30, 137, 48]",[],[],"[59, 109, 45, 143, 52, 39, 102, 111, 70, 110, 0, 135, 71, 82]",[],[],"[9, 85, 83, 67, 73, 90, 16, 86, 56, 148, 46, 14, 78]",[],[],"[4, 77, 142, 88, 123, 62, 13, 47, 55, 121, 34, 80, 144, 124, 99, 2]",[],[],[],"[36, 117, 42, 28, 27, 37, 61, 44, 7, 127, 69, 66, 91, 118]","[115, 22, 105, 103, 33, 122, 79, 114, 68, 63, 29, 146, 18, 31, 145]",[],[],[],[]
problem,Result,Time(s),,,,,,,,,,,,,,,,,,,,,,,,,,,,
p32-result,18129.0,21.59000253677368,,,,,,,,,,,,,,,,,,,,,,,,,,,,
p32-status,1,0,1,0,0,1,0,1,1,0,0,1,0,0,1,0,0,1,0,0,1,0,0,0,1,1,0,0,0,0
p32-assignment,"[67, 140, 1, 40, 38, 128, 130, 81, 5, 60, 68, 106, 107, 23]",[],"[4, 20, 90, 86, 3, 92, 87, 148, 78, 14, 6, 56, 104, 84]",[],[],"[120, 137, 89, 28, 149, 30, 126, 127, 91, 118, 42, 147, 76, 18]",[],"[63, 73, 136, 125, 58, 94, 101]","[2, 25, 70, 49, 134, 109, 108, 11, 135, 47, 12, 141, 99, 35, 144]",[],[],"[19, 95, 24, 53, 98, 113, 117, 103, 65, 31, 72, 33, 97, 64, 48]",[],[],"[124, 110, 39, 52, 41, 121, 51, 96, 32, 75, 15, 143, 111]",[],[],"[45, 9, 59, 139, 17, 26, 46, 54, 83, 85, 112, 43, 16, 102]",[],[],"[82, 55, 80, 123, 71, 34, 77, 13, 88, 62, 142, 100, 8, 138, 0]",[],[],[],"[27, 29, 36, 61, 7, 44, 116, 69, 119, 133, 37, 74, 132, 66]","[114, 50, 115, 146, 93, 57, 145, 10, 22, 122, 105, 131, 21, 129, 79]",[],[],[],[]
problem,Result,Time(s),,,,,,,,,,,,,,,,,,,,,,,,,,,,
p33-result,14954.0,20.966745615005493,,,,,,,,,,,,,,,,,,,,,,,,,,,,
p33-status,1,0,1,0,0,1,1,0,0,0,0,1,0,0,1,0,0,1,0,0,1,0,0,0,0,1,0,0,0,0
p33-assignment,"[139, 87, 130, 19, 40, 128, 106, 60, 58, 46, 131, 57, 93, 24, 7, 67, 44, 23]",[],"[8, 148, 4, 112, 78, 26, 15, 101, 20, 39, 104, 56, 12, 96, 43, 111, 11]",[],[],"[27, 37, 28, 36, 147, 115, 53, 50, 120, 74, 149, 66, 61, 126, 116, 72, 118, 91, 5, 117]","[2, 71, 124, 32]",[],[],[],[],"[113, 65, 119, 22, 42, 63, 64, 145, 1, 129, 89, 122, 127, 48, 107, 30, 114, 98, 132, 146, 31]",[],[],"[109, 134, 144, 25, 51, 100, 108, 52, 16, 41, 143, 82, 49, 135, 45, 102, 59, 3]",[],[],"[83, 73, 85, 90, 140, 81, 136, 97, 86, 125, 84, 110, 17, 6, 14, 94, 21, 9, 92]",[],[],"[35, 54, 55, 70, 77, 123, 88, 99, 142, 13, 75, 80, 47, 62, 141, 0, 34, 121, 138]",[],[],[],[],"[79, 18, 103, 10, 33, 29, 105, 76, 137, 38, 68, 69, 133, 95]",[],[],[],[]
problem,Result,Time(s),,,,,,,,,,,,,,,,,,,,,,,,,,,,
p34-result,12293.0,21.394970417022705,,,,,,,,,,,,,,,,,,,,,,,,,,,,
p34-status,1,0,0,0,0,1,0,1,1,0,0,1,0,0,1,0,0,1,0,0,1,0,0,0,1,0,0,0,0,0
p34-assignment,"[86, 112, 130, 60, 140, 96, 38, 23, 104, 67, 53, 122, 111, 40, 97, 94, 92, 101]",[],[],[],[],"[126, 28, 5, 95, 149, 147, 120, 137, 24, 79, 18, 76, 10, 22, 89]",[],"[115, 136, 128, 133, 14, 87, 21, 58, 6, 81]","[12, 41, 8, 51, 121, 70, 100, 141, 75, 2, 11, 54, 99, 144, 25, 124, 4, 109]",[],[],"[105, 31, 64, 93, 30, 48, 61, 50, 145, 106, 103, 72, 33, 114, 131, 113, 65, 29, 107, 146, 1, 63, 19]",[],[],"[45, 49, 110, 135, 46, 16, 108, 78, 15, 52, 143]",[],[],"[90, 57, 9, 139, 148, 84, 3, 85, 102, 20, 56, 17, 73, 26, 83, 39, 98, 125]",[],[],"[55, 71, 123, 80, 59, 0, 13, 62, 32, 134, 77, 88, 138, 82, 35, 47, 43, 142, 34]",[],[],[],"[117, 119, 27, 44, 118, 132, 37, 42, 127, 116, 69, 7, 91, 66, 36, 68, 74, 129]",[],[],[],[],[]
problem,Result,Time(s),,,,,,,,,,,,,,,,,,,,,,,,,,,,
p35-result,16971.0,21.892381191253662,,,,,,,,,,,,,,,,,,,,,,,,,,,,
p35-status,1,0,0,0,0,1,0,1,0,0,0,1,0,0,1,0,0,1,0,0,1,1,0,0,0,0,0,0,0,0
p35-assignment,"[63, 141, 60, 67, 33, 103, 92, 26, 105, 107, 86, 106, 40, 1, 140, 130, 113, 21, 125, 112, 97, 57, 24]",[],[],[],[],"[44, 118, 149, 27, 126, 5, 42, 61, 147, 76, 132, 30, 37, 116, 28, 95, 79, 117, 53, 89, 36]",[],"[101, 14, 71, 96, 136, 84, 20, 124, 81, 8, 6, 78, 23, 115, 128, 93, 87, 66, 43]",[],[],[],"[146, 58, 64, 114, 120, 18, 65, 145, 29, 22, 91, 119, 48, 74, 137, 31, 7, 68, 122, 19, 131]",[],[],"[70, 59, 54, 144, 110, 13, 45, 51, 12, 108, 15, 135, 49, 52, 88, 16, 39, 35]",[],[],"[111, 83, 100, 56, 134, 3, 90, 109, 72, 9, 148, 139, 73, 85, 143, 102, 17, 104, 94]",[],[],"[4, 0, 34, 138, 99, 142, 47, 77, 62, 2, 121, 55, 41, 32, 82, 75, 80, 11, 25, 123]","[50, 127, 129, 46, 10, 133, 69, 38, 98]",[],[],[],[],[],[],[],[]
problem,Result,Time(s),,,,,,,,,,,,,,,,,,,,,,,,,,,,
p36-result,17064.0,20.498906135559082,,,,,,,,,,,,,,,,,,,,,,,,,,,,
p36-status,1,0,0,0,0,1,0,0,0,0,0,1,0,0,1,0,1,1,0,0,1,0,0,0,1,1,0,0,0,0
p36-assignment,"[90, 67, 60, 93, 130, 112, 145, 113, 51, 6, 38, 46, 40, 128, 94, 92, 101]",[],[],[],[],"[5, 117, 95, 53, 37, 74, 76, 127, 120, 18, 149, 126, 61, 147, 10, 132, 97, 30]",[],[],[],[],[],"[57, 19, 98, 22, 136, 107, 23, 69, 87, 58, 21, 1, 63, 65, 64, 72]",[],[],"[39, 52, 143, 109, 55, 59, 45, 75, 49, 121, 108, 96, 110, 82, 3, 41, 77, 43, 78]",[],"[8, 124, 32, 99, 70, 71, 141, 2, 12, 11, 100]","[106, 73, 139, 86, 140, 9, 148, 26, 20, 102, 56, 14, 16, 81, 83, 104, 85, 125, 17, 84]",[],[],"[15, 25, 135, 47, 144, 0, 34, 138, 4, 62, 35, 123, 134, 13, 142, 111, 88, 54, 80]",[],[],[],"[36, 119, 66, 79, 28, 44, 118, 91, 29, 116, 42, 27]","[105, 24, 146, 48, 68, 31, 50, 131, 33, 133, 122, 103, 129, 89, 137, 114, 115, 7]",[],[],[],[]
problem,Result,Time(s),,,,,,,,,,,,,,,,,,,,,,,,,,,,
p37-result,13954.0,21.066093921661377,,,,,,,,,,,,,,,,,,,,,,,,,,,,
p37-status,0,0,1,0,0,1,1,0,0,0,0,1,0,0,0,0,0,1,0,0,1,0,0,0,0,0,0,0,0,0
p37-assignment,[],[],"[84, 15, 3, 46, 6, 109, 92, 78, 112, 96, 104, 87, 136, 90, 108, 52, 20, 41, 148, 14, 97, 51, 111, 39]",[],[],"[53, 74, 36, 44, 18, 27, 117, 69, 61, 76, 79, 7, 118, 33, 29, 5, 132, 91, 37, 30, 28, 105, 149, 116, 66, 126, 147, 50, 95, 89]","[82, 32, 71]",[],[],[],[],"[137, 127, 38, 10, 120, 119, 57, 72, 1, 103, 98, 115, 122, 42, 93, 146, 145, 131, 24, 128, 22, 129, 68, 48, 114, 107, 113, 31, 65, 64, 19, 58]",[],[],[],[],[],"[63, 101, 85, 110, 56, 94, 130, 139, 133, 16, 86, 135, 21, 102, 73, 143, 59, 9, 45, 26, 83, 125, 60, 40, 17, 81, 67, 23, 106, 140]",[],[],"[49, 88, 62, 47, 124, 35, 54, 13, 75, 80, 55, 144, 142, 134, 11, 0, 12, 99, 100, 70, 34, 25, 141, 121, 138, 77, 2, 8, 4, 123, 43]",[],[],[],[],[],[],[],[],[]
problem,Result,Time(s),,,,,,,,,,,,,,,,,,,,,,,,,,,,
p38-result,13232.0,22.691343069076538,,,,,,,,,,,,,,,,,,,,,,,,,,,,
p38-status,1,0,0,0,0,1,0,0,0,0,0,1,0,1,1,0,0,1,0,0,1,0,0,0,1,0,0,0,0,0
p38-assignment,"[136, 60, 67, 106, 87, 46, 40, 101, 58, 81, 14, 128, 69, 140, 97, 1, 94, 84, 6, 103, 65, 130, 57, 125, 51]",[],[],[],[],"[74, 120, 117, 10, 89, 28, 53, 36, 18, 126, 76, 137, 44, 42, 149, 105, 95, 116, 31, 22, 50, 147, 37, 5, 24]",[],[],[],[],[],"[113, 91, 118, 72, 19, 21, 66, 146, 114, 61, 79, 48, 30, 107, 63, 33, 93, 38, 98, 122, 127, 133, 131, 145, 64, 115]",[],"[82, 124, 32, 54, 123, 99]","[49, 45, 43, 111, 135, 59, 39, 110]",[],[],"[26, 16, 102, 20, 96, 85, 104, 73, 86, 90, 112, 141, 3, 9, 143, 139, 56, 83, 52, 92, 17, 23, 129, 78, 148]",[],[],"[70, 75, 15, 121, 34, 100, 25, 62, 88, 144, 71, 13, 109, 108, 2, 11, 138, 12, 35, 80, 41, 55, 8, 134, 47, 0, 142, 77, 4]",[],[],[],"[132, 27, 29, 119, 7, 68]",[],[],[],[],[]
problem,Result,Time(s),,,,,,,,,,,,,,,,,,,,,,,,,,,,
p39-result,13207.0,21.865992069244385,,,,,,,,,,,,,,,,,,,,,,,,,,,,
p39-status,1,0,0,0,0,1,0,0,0,0,0,1,0,0,1,1,0,0,0,0,1,0,0,0,0,0,0,0,0,0
p39-assignment,"[81, 85, 40, 83, 101, 84, 130, 60, 9, 26, 86, 67, 140, 106, 87, 97, 17, 128, 92, 38, 14, 23, 139, 57, 148, 112, 73]",[],[],[],[],"[118, 119, 7, 74, 44, 98, 68, 79, 27, 28, 69, 61, 5, 126, 132, 120, 137, 66, 50, 91, 149, 36, 147, 129, 22, 53, 116, 37, 95]",[],[],[],[],[],"[89, 46, 145, 114, 24, 31, 76, 93, 103, 63, 113, 133, 48, 19, 64, 58, 146, 107, 136, 65, 105, 18, 1, 33, 72, 122, 115, 131, 125, 21, 94, 30]",[],[],"[41, 56, 143, 109, 78, 15, 96, 49, 111, 90, 108, 135, 102, 6, 71, 39, 3, 51, 104, 59, 43, 52, 110, 8, 134, 45, 16, 20]","[117, 10, 42, 127, 29]",[],[],[],[],"[55, 62, 144, 100, 141, 54, 11, 77, 138, 124, 99, 75, 82, 34, 121, 123, 32, 47, 80, 25, 12, 0, 4, 70, 142, 2, 35, 13, 88]",[],[],[],[],[],[],[],[],[]
problem,Result,Time(s),,,,,,,,,,,,,,,,,,,,,,,,,,,,
p40-result,16378.0,23.051980018615723,,,,,,,,,,,,,,,,,,,,,,,,,,,,
p40-status,1,0,0,0,0,1,0,0,0,0,0,1,0,0,1,1,0,0,0,0,1,0,0,0,0,0,0,1,0,0
p40-assignment,"[139, 83, 86, 73, 148, 92, 130, 9, 81, 14, 84, 60, 67, 87, 20, 85, 17, 106, 46, 143, 107, 114, 136, 140, 1, 104, 23, 101, 6]",[],[],[],[],"[91, 147, 27, 69, 95, 44, 118, 120, 53, 37, 76, 117, 79, 116, 129, 149, 7, 126, 22, 119, 5, 61]",[],[],[],[],[],"[28, 113, 132, 103, 18, 38, 65, 19, 137, 57, 31, 146, 33, 127, 133, 128, 36, 40, 64, 93, 66, 72, 105, 122, 89, 58, 21, 94, 63, 97]",[],[],"[110, 135, 102, 51, 56, 41, 12, 100, 90, 45, 15, 111, 109, 78, 82, 96, 8, 32, 26, 3, 39, 112, 108, 16, 52]","[42, 74, 29]",[],[],[],[],"[13, 47, 55, 80, 138, 59, 35, 62, 4, 43, 123, 77, 2, 71, 144, 75, 134, 0, 70, 99, 121, 11, 124, 34, 54, 141, 88, 142, 49, 25]",[],[],[],[],[],[],"[68, 24, 125, 145, 50, 115, 98, 48, 30, 131, 10]",[],[]
problem,Result,Time(s),,,,,,,,
p41-result,7402.0,12.882010698318481,,,,,,,,
p41-status,1,1,0,1,0,1,1,0,1,1
p41-assignment,"[60, 73, 70, 46, 64, 69, 27, 61, 32, 71, 2, 33]","[21, 49, 50, 62, 3]",[],"[17, 41, 57, 7, 43, 44, 75, 4, 34, 6, 42, 77, 59, 76, 74]",[],"[10, 54, 82, 79, 26, 72, 25, 68, 29, 80, 16, 14, 45, 31, 0, 47]","[20, 78, 65, 53, 51, 1, 38, 83, 48, 22, 19, 11, 24, 40, 66, 13, 37, 36, 12, 67, 23]",[],"[58, 30, 9, 28, 8, 63, 18]","[85, 86, 88, 89, 56, 39, 81, 35, 87, 15, 52, 5, 55, 84]"
problem,Result,Time(s),,,,,,,,,,,,,,,,,,
p42-result,7535.0,11.965468645095825,,,,,,,,,,,,,,,,,,
p42-status,0,1,0,0,0,1,0,0,1,1,0,0,1,1,1,1,0,0,0,0
p42-assignment,[],"[40, 9, 30, 38, 37, 56, 50, 52]",[],[],[],"[59, 75, 3, 44, 46, 45, 57, 55, 69, 20]",[],[],"[11, 24, 60, 73, 43, 5, 77, 71, 25]","[26, 64, 23, 22, 21, 2]",[],[],"[41, 27, 51, 6, 0, 8, 61]","[17, 62, 29, 28, 65, 54, 42, 10, 53, 7, 39, 63]","[12, 34, 19, 35, 33, 74, 18, 58, 13, 36, 1]","[70, 4, 14, 68, 47, 48, 31, 78, 67, 16, 15, 32, 79, 49, 76, 66, 72]",[],[],[],[]
problem,Result,Time(s),,,,,,,,,,,,,,,,,,,,,,,,,,,,
p43-result,6520.0,12.250566005706787,,,,,,,,,,,,,,,,,,,,,,,,,,,,
p43-status,0,1,0,0,0,1,1,0,0,1,0,0,1,0,0,0,0,0,0,0,0,1,0,0,0,0,0,0,1,0
p43-assignment,[],"[66, 11, 58, 46, 1, 51, 36, 68, 32, 25]",[],[],[],"[60, 33, 30, 59, 28, 69, 10, 29, 65, 9, 63, 44, 31]","[39, 2, 53, 49, 27, 40, 7, 61, 14, 8, 55, 15, 50, 54]",[],[],"[45, 47, 52, 34, 48, 6, 13, 24, 4]",[],[],"[41, 18, 37, 19, 38, 0, 35]",[],[],[],[],[],[],[],[],"[20, 22, 5, 23, 21, 57, 16, 56, 17]",[],[],[],[],[],[],"[62, 26, 12, 67, 64, 3, 42, 43]",[]
problem,Result,Time(s),,,,,,,,
p44-result,9911.0,12.52441668510437,,,,,,,,
p44-status,1,1,0,1,1,1,0,0,1,1
p44-assignment,"[11, 51, 14, 66, 64, 13, 12, 8, 47, 69, 41, 65]","[19, 20, 22, 42, 18, 68]",[],"[32, 83, 36, 24, 31, 23, 62, 35, 33, 63, 67, 37, 39, 48, 38, 30, 34, 44]","[52, 70, 5, 2, 1, 3, 40, 4, 16, 6, 61, 10, 86, 15, 0, 7, 76, 60]","[59, 77, 78, 79, 9, 89, 50, 53, 87, 49, 88, 74, 46, 56, 80, 73, 71]",[],[],"[27, 54, 45, 55, 84, 43, 21, 17, 28, 29, 25]","[57, 82, 72, 26, 58, 85, 75, 81]"
problem,Result,Time(s),,,,,,,,,,,,,,,,,,
p45-result,7480.0,12.69071626663208,,,,,,,,,,,,,,,,,,
p45-status,1,1,1,0,0,1,0,0,1,0,0,0,1,1,1,0,0,0,0,0
p45-assignment,"[39, 3, 4, 5, 6, 2, 38, 0, 57, 1, 62]","[10, 14, 8, 12, 11, 44, 9]","[16, 15, 17, 18, 60, 40, 71, 61, 19, 59, 47, 41, 69, 20, 43, 58, 68, 26]",[],[],"[49, 35, 30, 29, 36, 33, 31, 37, 32, 55, 34]",[],[],"[42, 75, 73, 50]",[],[],[],"[22, 25, 66, 23, 52, 76, 67, 27]","[72, 51, 63, 70, 54, 65, 64, 7, 78, 13, 53, 46, 48, 79]","[21, 28, 45, 77, 24, 56, 74]",[],[],[],[],[]
problem,Result,Time(s),,,,,,,,,,,,,,,,,,,,,,,,,,,,
p46-result,7676.0,12.366653442382812,,,,,,,,,,,,,,,,,,,,,,,,,,,,
p46-status,1,1,0,0,0,0,0,0,1,1,0,0,1,1,1,0,0,0,0,0,0,1,0,0,0,0,0,0,1,0
p46-assignment,"[3, 40, 43, 6, 2, 34, 4, 53, 0, 62, 5]","[8, 10, 69, 13, 7, 12]",[],[],[],[],[],[],"[30, 29, 28, 26]","[48, 32, 1, 33, 31, 27]",[],[],"[60, 41, 58, 14, 57]","[64, 67, 47, 54, 51, 65, 52, 23, 38, 50, 21, 55, 56, 37]","[16, 59, 45, 25, 24, 17, 22, 44, 66]",[],[],[],[],[],[],"[18, 20, 19, 35, 42, 15, 61, 36]",[],[],[],[],[],[],"[68, 11, 9, 46, 63, 39, 49]",[]
problem,Result,Time(s),,,,,,,,
p47-result,8870.0,12.104030847549438,,,,,,,,
p47-status,1,1,1,0,0,1,0,1,1,1
p47-assignment,"[1, 4, 59, 10, 0, 9, 7, 2, 15, 8, 26, 3, 79]","[11, 13, 14, 12, 16]","[34, 32, 24, 33, 28, 25, 29, 27, 18, 19, 45, 22, 43, 17, 46, 23, 21, 40, 44, 31, 20, 42, 36, 39, 41, 30]",[],[],"[53, 55, 50, 52, 51, 38, 54, 60, 48, 56, 67, 35, 61, 64]",[],"[83, 37, 86, 85, 77, 47, 71, 76, 62, 73, 68, 63, 69, 58, 70, 49, 72, 65, 78]","[66, 74, 75, 57, 81, 80]","[88, 84, 82, 87, 5, 6, 89]"
problem,Result,Time(s),,,,,,,,,,,,,,,,,,
p48-result,6747.0,11.785220384597778,,,,,,,,,,,,,,,,,,
p48-status,1,1,0,0,0,1,0,0,1,1,0,0,1,1,1,0,0,1,0,0
p48-assignment,"[60, 76, 2, 3, 4, 5, 0, 11, 6, 78]","[9, 10, 8, 7, 13, 16]",[],[],[],"[19, 21, 14, 26, 29, 20, 30, 17, 25, 18, 22, 15, 27, 28, 23]",[],[],"[31, 44, 36, 32, 37, 33, 39, 46, 35]","[40, 34, 12, 38, 41, 24]",[],[],"[42, 53, 43, 57, 50]","[59, 51, 48, 47, 49, 45, 54, 52]","[58, 63, 55, 62, 64, 56]",[],[],"[61, 69, 77, 65, 70, 72, 1, 68, 74, 66, 79, 71, 73, 75, 67]",[],[]
problem,Result,Time(s),,,,,,,,,,,,,,,,,,,,,,,,,,,,
p49-result,6873.0,11.074150800704956,,,,,,,,,,,,,,,,,,,,,,,,,,,,
p49-status,1,1,0,0,0,0,0,0,0,1,0,0,1,0,1,0,0,1,0,0,0,1,0,0,0,0,0,0,1,1
p49-assignment,"[17, 3, 62, 9, 12, 19, 52, 2, 5]","[0, 60, 6, 4, 61, 7, 15, 1]",[],[],[],[],[],[],[],"[25, 26, 21, 14, 13, 24, 20]",[],[],"[42, 29, 45, 27, 46, 30, 47, 32]",[],"[22, 18, 34, 23, 28, 33, 16, 35]",[],[],"[36, 37, 39, 40, 43, 41, 38, 49, 51, 44, 31]",[],[],[],"[54, 48, 57, 50, 55, 56, 53]",[],[],[],[],[],[],"[67, 58, 68, 65, 64, 63]","[11, 59, 66, 10, 69, 8]"
problem,Result,Time(s),,,,,,,,
p50-result,9685.0,18.71133542060852,,,,,,,,
p50-status,1,1,0,1,0,1,0,1,0,1
p50-assignment,"[22, 38, 1, 66, 21, 74, 72, 55, 73, 24, 40, 56, 20, 23, 54]","[85, 96, 95, 58, 86, 83]",[],"[78, 71, 80, 53, 75, 70, 8, 11, 2, 79, 33, 52, 32, 93, 34, 27, 76, 3, 64, 49, 0, 50, 28, 77]",[],"[48, 92, 81, 35, 82, 46, 13, 17, 6, 12, 18, 4, 7, 51, 45, 59, 44]",[],"[67, 84, 30, 31, 87, 61, 10, 99, 88, 63, 26, 69, 9, 89, 57, 65, 60, 19, 47, 25, 29, 39, 62, 68, 97]",[],"[41, 15, 94, 37, 43, 16, 42, 14, 36, 98, 90, 91, 5]"
problem,Result,Time(s),,,,,,,,,,,,,,,,,,
p51-result,10018.0,13.64378023147583,,,,,,,,,,,,,,,,,,
p51-status,1,1,0,0,0,1,0,0,1,1,1,0,1,1,1,0,0,0,0,0
p51-assignment,"[57, 94, 39, 40, 52, 20, 21, 86, 1, 72, 14, 73]","[34, 62, 89, 26, 70, 31, 69, 19, 50, 68, 32]",[],[],[],"[10, 35, 45, 7, 30, 18, 47, 65, 48, 64, 17, 6, 44, 63, 61]",[],[],"[9, 46, 87, 51, 81, 29]","[80, 88, 0, 27, 49]","[67, 3, 66, 22, 24, 38, 92, 74, 71, 11, 55, 2, 58, 25]",[],"[93, 4, 83, 60, 82, 99, 16]","[84, 13, 85, 41, 98, 56, 95, 42, 15, 12, 36, 91, 59, 5, 96, 97, 43, 37, 90]","[23, 79, 78, 76, 8, 54, 75, 53, 28, 33, 77]",[],[],[],[],[]
problem,Result,Time(s),,,,,,,,
p52-result,11831.0,13.336051940917969,,,,,,,,
p52-status,0,0,0,1,1,1,0,1,1,1
p52-assignment,[],[],[],"[21, 96, 85, 57, 73, 48, 58, 76, 74, 75, 56, 64, 19, 51, 17, 79, 24, 82, 98, 23, 47]","[77, 12, 35, 39, 97, 72, 78, 15, 14, 86, 11, 91, 67, 9, 68, 13, 10, 8, 81, 52, 46, 59, 89, 16]","[49, 93, 65, 94, 63, 33, 27, 84, 50, 62, 61, 95, 90, 70, 55, 83]",[],"[3, 1, 4, 60, 87, 42, 37, 41, 2, 40, 5, 0, 44, 38, 69, 99, 53, 6, 80, 34, 54, 71, 43, 7, 36, 45, 92]","[20, 22, 18, 88]","[25, 32, 66, 29, 28, 31, 30, 26]"
problem,Result,Time(s),,,,,,,,,,,,,,,,,,
p53-result,13059.0,14.309286117553711,,,,,,,,,,,,,,,,,,
p53-status,0,1,0,0,0,1,1,1,1,1,1,0,1,0,0,1,0,0,0,0
p53-assignment,[],"[86, 74, 73, 51, 82, 57, 96, 12]",[],[],[],"[1, 3, 0, 38, 41, 99, 45, 7, 5, 2, 4, 44, 6, 54, 40]","[37, 77, 78, 69, 68, 59, 67, 72, 65, 42, 49, 79, 43, 56, 60]","[8, 58, 10, 35, 63, 98, 16, 64, 97, 14, 21, 85, 15, 46, 90, 13, 52, 87, 9, 11, 81, 89]","[53, 70, 92, 39, 91, 80, 34]","[25, 26, 30, 29, 27, 31, 32, 28]",[18],[],"[76, 22, 17, 24, 19, 47]",[],[],"[88, 75, 55, 23, 61, 50, 62, 94, 36, 48, 83, 95, 33, 20, 66, 71, 93, 84]",[],[],[],[]
problem,Result,Time(s),,,,,,,,
p54-result,9738.0,12.765469551086426,,,,,,,,
p54-status,1,1,1,1,1,0,1,0,0,1
p54-assignment,"[77, 69, 75, 56, 78, 71, 79, 82, 72, 76, 81]","[26, 24, 23]","[8, 14, 15, 3, 16, 27, 9, 17, 18, 2, 10, 4, 5, 7, 98, 6, 25, 13, 0, 12, 11]","[37, 45, 33, 38, 31, 32, 21, 28, 51, 30, 20, 34, 50, 29, 49, 35, 36, 46, 19, 47, 22, 42]","[92, 88, 87, 73, 85, 89, 70, 80, 90, 94, 61, 83, 74, 84, 96, 86, 62]",[],"[57, 59, 55, 41, 52, 66, 53, 43, 67, 54, 39, 58, 60, 65, 48, 64, 68, 63, 40, 44]",[],[],"[99, 91, 1, 93, 97, 95]"
problem,Result,Time(s),,,,,,,,,,,,,,,,,,
p55-result,9002.0,14.280807495117188,,,,,,,,,,,,,,,,,,
p55-status,0,0,1,0,0,0,1,0,1,1,1,0,0,1,1,0,0,1,0,0
p55-assignment,[],[],"[62, 14, 6, 16, 25, 9, 17, 15, 7, 24, 27, 12, 22, 20]",[],[],[],"[32, 36, 49, 29, 37, 50, 34, 57, 30, 35, 28, 26, 38, 33, 51, 47, 19, 21]",[],"[13, 18, 10, 11, 8, 5]","[73, 78, 71, 76, 79, 81]","[56, 59, 55, 52, 41, 42, 53, 40, 68, 39, 43, 44, 65, 58, 60, 63, 54, 67, 48, 64]",[],[],"[72, 83, 70, 75, 86, 69, 61, 66, 82, 77, 85, 89, 84, 80]","[45, 31, 23, 46]",[],[],"[92, 94, 0, 87, 96, 95, 97, 99, 91, 93, 2, 4, 88, 1, 3, 74, 98, 90]",[],[]
problem,Result,Time(s),,,,,,,,,,,,,,,,,,,,,,,,,,,,
p56-result,35328.0,27.734408855438232,,,,,,,,,,,,,,,,,,,,,,,,,,,,
p56-status,0,1,0,1,1,0,1,1,1,1,0,1,1,0,0,1,1,0,1,1,1,1,0,0,0,1,0,0,1,0
p56-assignment,[],"[13, 16, 22, 29, 134, 24, 77, 87, 164, 152, 136, 160, 145]",[],"[162, 170, 159, 95, 166, 158, 187, 168, 109, 78, 119, 46]","[28, 30, 32, 10, 193, 167, 12, 104, 111, 91, 72, 68]",[],"[31, 86, 113, 35, 27, 71, 140, 151, 116, 192]","[196, 21, 70, 40, 20, 194, 103, 148]","[44, 54, 137, 57, 124, 128, 41, 73, 171, 80, 115, 49, 60, 36]","[185, 84, 177, 154, 198, 76, 43, 64, 82, 37]",[],"[142, 99, 144, 112, 56, 121, 143, 69, 14, 114, 186, 34, 9]","[174, 184, 97, 90, 5, 155, 61, 195]",[],[],"[189, 126, 147, 101, 2, 39, 180, 81, 53, 157, 33, 131, 66]","[50, 79, 182, 58, 163, 51, 38, 26, 23, 125, 47]",[],"[3, 7, 8, 15, 18, 108, 141, 161, 19, 25, 0, 88]","[138, 1, 127, 110, 42, 172, 55, 105, 135, 123, 178, 106]","[85, 173, 75, 63, 17, 74, 120, 67, 179, 129, 133, 139]","[190, 4, 169, 52, 191, 181, 150, 6, 146, 94, 107, 197, 156]",[],[],[],"[92, 93, 83, 96, 149, 62, 59, 89, 102, 117, 132, 45]",[],[],"[130, 48, 153, 175, 165, 98, 176, 11, 118, 199, 183, 122, 100, 188, 65]",[]
problem,Result,Time(s),,,,,,,,,,,,,,,,,,,,,,,,,,,,
p57-result,41949.0,27.016098499298096,,,,,,,,,,,,,,,,,,,,,,,,,,,,
p57-status,0,1,0,0,1,0,1,1,1,0,0,1,1,1,0,0,0,0,1,1,1,1,0,0,0,1,0,1,1,1
p57-assignment,[],"[134, 4, 136, 168, 47, 170, 16, 152, 109, 182, 22]",[],[],"[28, 104, 65, 174, 124, 106, 188, 31, 123, 111, 171, 43, 82, 30]",[],"[48, 14, 42, 183, 97, 1, 9, 100, 68, 192, 128, 27, 72]","[117, 6, 83, 62, 59, 165, 144, 194, 103, 149, 196, 40]","[78, 41, 73, 179, 185, 44, 37, 95, 63, 36, 120, 135, 177]",[],[],"[99, 116, 61, 176, 7, 127, 121, 34, 96, 132, 69, 162]","[71, 52, 35, 113, 140, 142, 195, 184, 55, 66]","[24, 115, 12, 105, 75, 46, 187, 159, 158, 85, 137, 13, 74, 157]",[],[],[],[],"[0, 8, 15, 20, 3, 175, 58, 56, 122, 89, 141, 51]","[173, 57, 45, 199, 67, 166, 90, 110, 198, 32, 29, 91]","[164, 118, 133, 49, 76, 64, 160, 54, 17, 80, 77, 154, 87]","[189, 150, 191, 169, 156, 53, 181, 197, 101, 147, 33, 107, 180, 2, 145, 81]",[],[],[],"[70, 102, 5, 151, 108, 93, 148, 18, 143, 114, 92]",[],"[88, 131, 21, 19, 125, 153, 25, 161, 38, 50, 190, 79, 163, 26, 39, 23]","[94, 186, 98, 172, 130, 139, 155, 129, 11, 138, 146, 126, 112]","[84, 119, 167, 10, 178, 86, 60, 193]"
problem,Result,Time(s),,,,,,,,,,,,,,,,,,,,,,,,,,,,
p58-result,53151.0,27.213690519332886,,,,,,,,,,,,,,,,,,,,,,,,,,,,
p58-status,0,1,0,0,1,0,1,1,1,0,0,1,1,1,0,0,0,0,1,1,1,1,0,0,0,1,0,1,1,1
p58-assignment,[],"[170, 180, 44, 94, 16, 145, 13, 77, 166, 160, 152, 22, 85]",[],[],"[135, 60, 162, 195, 31, 106, 133, 193, 45, 32, 43]",[],"[35, 91, 27, 192, 100, 42, 183, 86, 176, 182, 165, 72]","[141, 149, 58, 62, 18, 15, 148, 117, 103, 88, 56, 89]","[78, 76, 37, 168, 73, 173, 54, 151, 137, 41, 185, 115, 36]",[],[],"[161, 121, 130, 38, 65, 29, 177, 26, 186, 143, 19, 157, 132, 169]","[140, 142, 5, 55, 93, 71, 155, 113, 97, 67, 69]","[24, 95, 158, 136, 164, 154, 139, 64, 12, 46, 98, 109, 126, 75]",[],[],[],[],"[0, 40, 20, 34, 70, 125, 61, 52, 8, 25, 51, 47]","[30, 48, 198, 120, 172, 199, 153, 128, 124, 1, 174, 123, 82]","[119, 129, 179, 49, 87, 171, 134, 17, 159, 81, 187, 57, 63, 80]","[190, 191, 197, 50, 33, 21, 53, 189, 181, 108, 101, 74, 2, 156, 147, 39]",[],[],[],"[83, 114, 184, 102, 66, 127, 59, 144, 9, 7, 92, 196]",[],"[96, 150, 79, 163, 188, 6, 23, 112, 146, 107, 131, 3]","[68, 14, 138, 118, 175, 116, 11, 110, 99, 4, 90, 122, 105]","[10, 84, 104, 194, 167, 111, 28, 178]"
problem,Result,Time(s),,,,,,,,,,,,,,,,,,,,,,,,,,,,
p59-result,40199.0,27.126755714416504,,,,,,,,,,,,,,,,,,,,,,,,,,,,
p59-status,0,0,1,0,1,0,1,0,0,0,1,0,1,1,1,0,0,1,1,1,0,0,0,1,1,1,1,0,1,1
p59-assignment,[],[],"[180, 166, 53, 189, 145, 191, 101, 163, 4, 147, 190, 181, 2, 164]",[],"[167, 72, 10, 142, 104, 31, 32, 111, 67, 195, 106]",[],"[55, 193, 68, 113, 42, 91, 110, 86, 35, 97, 184, 114, 20, 183]",[],[],[],"[162, 197, 24, 12, 133, 115, 37, 75, 156, 74, 179, 158, 119]",[],"[132, 71, 141, 140, 98, 127, 62, 196, 194, 69, 155]","[78, 85, 168, 160, 13, 46, 95, 159, 134, 137, 76, 152, 109, 29, 41]","[73, 49, 118, 173, 94, 63, 138, 154, 57, 17, 171, 9, 172, 136, 177]",[],[],"[81, 77, 169, 87, 34, 175, 182, 23, 129, 153, 26]","[0, 6, 7, 40, 148, 70, 89, 96, 117, 165, 3, 116]","[45, 27, 61, 186, 188, 30, 1, 48, 90, 139, 199, 112]",[],[],[],"[18, 151, 47, 198, 52, 170, 16, 66, 22, 187]","[105, 108, 51, 50, 33, 146, 88, 125, 21, 39, 150, 157, 131, 38, 79]","[25, 58, 103, 93, 56, 5, 59, 149, 65, 144, 143, 92, 102, 83]","[128, 36, 54, 64, 80, 185, 124, 82, 174, 135, 120, 123]",[],"[19, 176, 15, 122, 130, 11, 99, 107, 14, 121, 8, 100, 161, 192, 126]","[84, 28, 44, 60, 43, 178]"
problem,Result,Time(s),,,,,,,,,,,,,,,,,,,,,,,,,,,,
p60-result,35971.0,27.466174125671387,,,,,,,,,,,,,,,,,,,,,,,,,,,,
p60-status,0,1,0,0,1,0,0,1,1,0,0,0,0,0,0,0,1,0,1,0,0,1,0,1,0,1,1,0,0,1
p60-assignment,[],"[16, 153, 170, 179, 152, 4, 158, 109, 74, 168, 22, 137, 13, 64, 134, 40]",[],[],"[28, 193, 86, 183, 199, 42, 72, 32, 45, 10, 35, 27, 97, 167, 172, 1, 104, 123, 49, 162]",[],[],"[70, 83, 142, 143, 144, 103, 59, 58, 89, 56, 194, 62, 138, 127, 114, 117, 20]","[171, 46, 85, 24, 159, 37, 17, 185, 54, 36, 57, 95, 198, 154, 115, 73, 41, 67, 78, 63, 173]",[],[],[],[],[],[],[],"[126, 150, 125, 148, 23, 52, 181, 18, 146, 50, 79, 33, 176, 157, 147, 47, 197, 53]",[],"[25, 130, 3, 34, 51, 132, 99, 90, 0, 8, 121, 141, 9, 112, 88, 165, 196, 92, 26, 19, 15, 131, 188, 96]",[],[],"[189, 38, 163, 29, 164, 175, 190, 182, 66, 129, 122, 21, 6, 101, 156, 161, 98, 2, 169, 191]",[],"[75, 76, 77, 80, 81, 105, 145, 139, 61, 118, 160, 87, 180, 166, 107, 177, 187, 39, 94, 136]",[],"[184, 195, 65, 5, 108, 116, 68, 102, 155, 71, 149, 186, 7, 93, 140, 69]","[119, 174, 44, 133, 11, 82, 48, 12, 31, 91, 135, 192, 128, 30, 120, 100, 110, 124]",[],[],"[84, 106, 113, 178, 151, 43, 111, 60, 55, 14]"
problem,Result,Time(s),,,,,,,,,,,,,,,,,,,,,,,,,,,,
p61-result,41190.0,29.344358205795288,,,,,,,,,,,,,,,,,,,,,,,,,,,,
p61-status,1,0,0,0,0,0,1,1,0,0,1,0,0,0,0,1,1,0,1,0,0,0,0,0,0,1,1,1,1,0
p61-assignment,"[187, 190, 156, 198, 151, 66, 161, 75, 36, 129, 166, 81, 109, 24, 78, 152, 168, 162, 2]",[],[],[],[],[],"[42, 28, 113, 60, 115, 127, 167, 48, 99, 10, 55, 104, 35, 43, 111, 41, 123, 199, 193, 192, 86, 1, 32, 30]","[18, 89, 70, 5, 112, 62, 117, 194, 15, 143, 40, 121, 68, 196]",[],[],"[77, 46, 179, 139, 64, 158, 37, 16, 73, 80, 137, 145, 84, 177, 172, 85, 159, 95, 136, 133, 164, 160]",[],[],[],[],"[170, 101, 169, 74, 189, 6, 157, 126, 13, 180, 134, 181, 29, 39, 22, 197, 12]","[146, 163, 191, 21, 47, 52, 173, 150, 51, 125, 38, 53, 147, 23, 79, 33, 175]",[],"[3, 25, 103, 106, 20, 58, 174, 176, 165, 9, 0, 148]",[],[],[],[],[],[],"[195, 97, 184, 83, 132, 140, 92, 102, 56, 144, 149, 59, 72, 69, 71, 155, 93]","[45, 185, 110, 63, 128, 178, 120, 124, 91, 57, 54, 82, 119, 135, 31, 118, 141, 154, 44]","[142, 116, 19, 94, 131, 153, 96, 4, 61, 87, 108, 182, 8, 88, 26, 186, 34]","[105, 107, 67, 183, 130, 98, 17, 49, 14, 65, 50, 76, 7, 122, 11, 171, 100, 188, 138, 27, 90, 114]",[]
problem,Result,Time(s),,,,,,,,,,,,,,,,,,,,,,,,,,,,
p62-result,47652.0,29.686243772506714,,,,,,,,,,,,,,,,,,,,,,,,,,,,
p62-status,1,0,0,0,0,0,1,1,0,0,1,0,0,0,0,1,1,0,1,0,0,0,0,0,0,1,1,1,1,0
p62-assignment,"[80, 99, 81, 67, 64, 145, 61, 197, 4, 134, 119, 180, 74, 129, 98, 176, 77, 179, 166]",[],[],[],[],[],"[45, 10, 1, 192, 104, 114, 173, 35, 106, 78, 31, 110, 30, 193, 86, 174, 55, 91, 37]","[70, 62, 155, 103, 15, 153, 146, 93, 117, 196, 195, 40, 186, 83, 89, 25]",[],[],"[12, 139, 133, 162, 171, 24, 109, 46, 136, 170, 36, 100, 16, 187, 17, 160, 158, 154, 152, 95, 164, 63]",[],[],[],[],"[163, 101, 29, 181, 126, 156, 22, 66, 39, 6, 175, 147, 2, 169, 94, 157, 168]","[150, 33, 131, 107, 13, 50, 191, 188, 52, 108, 51, 79, 182, 189, 125, 47, 53]",[],"[0, 97, 58, 194, 88, 56, 116, 27, 8, 20, 59]",[],[],[],[],[],[],"[71, 184, 132, 92, 102, 5, 113, 178, 167, 121, 143, 42, 149, 144, 140, 69, 65, 14, 127]","[120, 41, 32, 84, 48, 185, 159, 135, 57, 76, 43, 60, 128, 137, 198, 82, 115, 123, 124, 28, 44]","[23, 138, 112, 19, 96, 190, 165, 18, 148, 26, 105, 141, 21, 34, 85, 87, 7, 3, 38]","[130, 199, 90, 122, 118, 72, 161, 172, 142, 111, 9, 151, 73, 49, 68, 11, 177, 75, 54, 183]",[]
problem,Result,Time(s),,,,,,,,,,,,,,,,,,,,,,,,,,,,
p63-result,40353.0,27.814839601516724,,,,,,,,,,,,,,,,,,,,,,,,,,,,
p63-status,0,0,0,0,1,0,1,0,0,0,0,0,1,0,0,0,1,1,1,0,0,0,0,1,1,1,0,0,1,1
p63-assignment,[],[],[],[],"[123, 162, 173, 82, 48, 35, 104, 30, 36, 67, 128, 179, 44, 120, 154, 177, 32, 72]",[],"[113, 192, 199, 110, 68, 99, 183, 42, 91, 102, 100, 71, 31, 45, 135, 27, 12, 86]",[],[],[],[],[],"[195, 10, 61, 127, 96, 55, 5, 186, 140, 69, 65, 142, 97]",[],[],[],"[157, 169, 181, 66, 4, 29, 52, 176, 94, 189, 53, 125, 126, 175, 21, 197, 152, 18, 33]","[146, 98, 17, 50, 81, 168, 150, 151, 119, 49, 76, 129, 38, 75, 46, 145, 159, 122, 198]","[15, 34, 40, 70, 194, 51, 8, 103, 58, 141, 20, 90, 3, 196, 0, 148, 26, 25]",[],[],[],[],"[87, 136, 54, 156, 41, 80, 74, 160, 95, 16, 6, 2, 180, 115, 182, 164, 187, 137, 133, 85, 109, 63, 158, 13]","[101, 105, 47, 108, 39, 163, 147, 131, 23, 88, 191, 77, 153, 190, 19, 22, 107, 166, 37, 79]","[143, 149, 117, 93, 83, 89, 59, 56, 132, 92, 144, 112, 155, 62, 184]",[],[],"[116, 57, 170, 130, 114, 138, 7, 188, 1, 14, 11, 24, 161, 165, 172, 134, 139, 118, 9, 121]","[178, 193, 174, 64, 106, 111, 43, 73, 60, 78, 28, 185, 84, 171, 124, 167]"
problem,Result,Time(s),,,,,,,,,,,,,,,,,,,,,,,,,,,,
p64-result,38586.0,27.050333261489868,,,,,,,,,,,,,,,,,,,,,,,,,,,,
p64-status,0,1,0,1,1,0,0,1,0,0,0,0,0,0,0,1,0,0,1,0,0,1,0,0,0,0,1,0,0,1
p64-assignment,[],"[160, 166, 133, 134, 164, 16, 13, 74, 77, 145, 170, 198, 75, 12, 118, 188, 66, 180]",[],"[158, 185, 136, 17, 159, 76, 64, 24, 168, 37, 80, 162, 109, 177, 137, 54, 154, 95, 152, 85, 44, 139, 119, 173, 171, 46, 187, 179]","[91, 35, 97, 123, 110, 42, 1, 192, 86, 172, 199, 11, 55, 71, 32, 193, 68, 114, 82, 155, 5, 128, 14, 30, 84, 111, 104]",[],[],"[62, 89, 93, 140, 116, 83, 130, 196, 99, 113, 92, 59, 127, 102, 90, 3, 117, 56, 40, 70, 194, 65, 69, 195, 149, 58]",[],[],[],[],[],[],[],"[161, 87, 6, 98, 108, 157, 125, 101, 39, 126, 61, 129, 23, 4, 181, 94, 53, 147, 197, 79]",[],[],"[8, 9, 25, 34, 38, 52, 88, 7, 132, 131, 112, 100, 33, 103, 15, 0, 50, 18, 96, 19, 153, 121, 141, 26, 122, 20]",[],[],"[51, 191, 189, 190, 150, 156, 81, 107, 22, 182, 146, 163, 47, 169, 165, 21, 2, 148, 29, 176, 105, 175]",[],[],[],[],"[151, 36, 120, 124, 27, 49, 135, 60, 57, 143, 186, 183, 63, 184, 48, 67, 73, 174, 72, 31, 78, 115, 41, 138]",[],[],"[167, 178, 10, 45, 142, 43, 28, 106, 144]"
problem,Result,Time(s),,,,,,,,,,,,,,,,,,,,,,,,,,,,
p65-result,43403.0,28.56633162498474,,,,,,,,,,,,,,,,,,,,,,,,,,,,
p65-status,0,0,0,0,1,0,0,0,0,0,1,1,0,0,0,1,0,0,1,1,0,0,0,0,0,1,0,0,0,1
p65-assignment,[],[],[],[],"[54, 178, 10, 42, 193, 86, 113, 31, 32, 104, 105, 174, 176, 171, 82, 77, 162, 120, 44, 87, 109, 73, 192, 135, 12]",[],[],[],[],[],"[80, 85, 41, 61, 168, 179, 166, 177, 126, 75, 187, 160, 17, 63, 159, 64, 129, 81, 158, 145, 137, 152, 16, 95, 13, 46, 134, 153, 76]","[96, 138, 155, 4, 20, 121, 8, 65, 114, 99, 52, 97, 132, 9, 90, 125, 107, 27, 122, 56, 116, 74, 127, 161]",[],[],[],"[175, 29, 38, 164, 136, 101, 39, 156, 146, 53, 165, 190, 131, 181, 94, 51, 47, 191, 3, 197, 157, 189, 180, 169, 21, 2, 33, 141, 6, 147]",[],[],"[18, 58, 89, 150, 112, 40, 108, 79, 25, 50, 88, 130, 103, 34, 19, 23, 15, 7, 170, 184, 70, 182, 0, 148, 26]","[183, 49, 1, 172, 72, 133, 139, 185, 14, 67, 11, 118, 55, 188, 30, 198, 151, 91, 98, 199, 100, 45, 119, 35, 110, 48, 24, 154]",[],[],[],[],[],"[195, 5, 143, 196, 62, 68, 93, 59, 163, 66, 102, 22, 117, 194, 83, 71, 92, 142, 140, 144, 69, 186, 149]",[],[],[],"[28, 167, 128, 111, 123, 57, 115, 106, 124, 37, 60, 78, 43, 84, 173, 36]"
problem,Result,Time(s),,,,,,,,,,,,,,,,,,,,,,,,,,,,
p66-result,43677.0,33.280832052230835,,,,,,,,,,,,,,,,,,,,,,,,,,,,
p66-status,0,0,1,0,1,0,0,0,0,0,1,1,0,0,0,1,0,0,1,1,0,0,0,0,0,1,0,0,0,0
p66-assignment,[],[],"[77, 152, 160, 147, 61, 175, 19, 137, 153, 145, 29, 12, 190, 105, 107, 182, 188, 156, 162, 66, 109, 51, 94, 23, 98, 131, 2]",[],"[106, 124, 60, 57, 1, 41, 128, 104, 10, 170, 167, 192, 100, 84, 110, 78, 111, 120, 30, 35, 174, 178, 44, 193]",[],[],[],[],[],"[135, 168, 87, 85, 80, 73, 36, 75, 81, 173, 179, 159, 166, 171, 24, 63, 95, 76, 74, 187, 164, 133, 136, 158, 154, 13, 17, 119]","[142, 138, 114, 121, 68, 45, 127, 96, 99, 65, 151, 14, 88, 195, 143, 9, 177, 130, 92, 59, 55, 5, 72, 27, 116, 140]",[],[],[],"[125, 157, 6, 79, 33, 181, 21, 52, 197, 47, 180, 16, 39, 134, 126, 198, 189, 169, 191, 38, 163, 22, 4, 101, 53]",[],[],"[146, 8, 150, 117, 40, 148, 196, 15, 20, 58, 18, 50, 0, 155, 108, 186, 103, 3, 26, 34, 176, 141, 25, 62]","[31, 129, 123, 46, 11, 67, 28, 32, 71, 82, 43, 172, 122, 42, 115, 185, 49, 37, 64, 90, 86, 118, 113, 165, 48, 54, 183, 199, 139, 91]",[],[],[],[],[],"[83, 194, 7, 132, 144, 112, 184, 70, 69, 89, 93, 97, 161, 102, 149, 56]",[],[],[],[]
problem,Result,Time(s),,,,,,,,,,,,,,,,,,,,,,,,,,,,
p67-result,38922.0,26.75020742416382,,,,,,,,,,,,,,,,,,,,,,,,,,,,
p67-status,0,0,0,0,1,0,1,0,0,0,1,0,0,1,1,0,0,1,1,0,0,0,0,1,0,1,0,0,1,1
p67-assignment,[],[],[],[],"[32, 72, 60, 124, 120, 167, 128, 10, 82, 174, 45, 126, 86, 43, 106, 104, 31]",[],"[30, 11, 14, 35, 114, 97, 42, 199, 70, 113, 91, 140, 146, 192, 193, 71, 1, 195, 23, 9]",[],[],[],"[75, 12, 133, 80, 54, 179, 52, 151, 185, 177, 24, 153, 162, 81, 152, 74, 157]",[],[],"[136, 36, 77, 119, 41, 4, 158, 78, 46, 168, 160, 37, 137, 57, 17, 64, 159, 191, 154, 171]","[135, 118, 173, 165, 44, 27, 61, 49, 63, 48, 101, 139, 172, 26, 110, 47, 67, 73]",[],[],"[98, 176, 129, 134, 169, 34, 147, 51, 38, 2, 197, 188, 53, 94, 19, 50, 122, 105, 175, 181, 90]","[0, 21, 20, 25, 3, 7, 56, 117, 107, 33, 8, 196, 108, 121, 15, 143, 148, 40, 18, 112, 103]",[],[],[],[],"[87, 95, 16, 6, 182, 29, 156, 13, 164, 180, 190, 39, 76, 66, 187, 109, 22, 170, 166, 115, 145]",[],"[184, 189, 83, 144, 194, 127, 161, 89, 58, 149, 65, 55, 59, 93, 132, 150, 92]",[],[],"[130, 68, 69, 131, 62, 125, 99, 85, 88, 186, 116, 79, 138, 102, 155, 163, 141, 142, 96, 100, 183]","[5, 111, 198, 28, 178, 123, 84]"
problem,Result,Time(s),,,,,,,,,,,,,,,,,,,,,,,,,,,,
p68-result,32355.0,28.528559684753418,,,,,,,,,,,,,,,,,,,,,,,,,,,,
p68-status,0,1,0,0,1,0,1,0,1,0,0,0,0,0,0,1,0,0,1,1,0,0,0,1,0,1,0,1,1,1
p68-assignment,[],"[52, 109, 13, 95, 168, 134, 61, 160, 46, 16, 154, 101, 66, 6, 136, 170, 159, 151, 164, 24]",[],[],"[104, 106, 10, 32, 193, 128, 135, 86, 185, 111, 43, 176]",[],"[35, 5, 92, 97, 55, 113, 149, 140, 42, 65, 127, 91, 102, 129]",[],"[76, 158, 177, 41, 37, 82, 54, 17, 133, 120, 78, 49, 115, 73, 198, 36, 80, 119, 137, 85, 44, 64, 12, 63]",[],[],[],[],[],[],"[163, 190, 191, 189, 147, 150, 29, 53, 180, 126, 47, 157, 197, 181, 33, 39, 169, 51, 175, 182, 2, 21]",[],[],"[0, 18, 20, 15, 130, 8, 25, 40, 196, 108, 116, 143, 146, 58, 62, 192]","[110, 30, 11, 60, 123, 173, 90, 48, 67, 162, 199, 45, 31, 100, 14, 68, 1, 124, 7]",[],[],[],"[94, 22, 87, 75, 166, 187, 139, 77, 105, 171, 145, 74, 98, 156, 152]",[],"[71, 132, 195, 194, 59, 144, 69, 121, 103, 83, 114, 93, 89, 184]",[],"[165, 125, 131, 3, 148, 153, 96, 79, 4, 141, 188, 56, 155, 117, 161, 34, 107, 112, 23, 70, 38, 26, 50]","[186, 27, 81, 72, 179, 138, 99, 142, 88, 19, 9, 122, 183, 118, 172]","[167, 178, 84, 57, 28, 174]"
problem,Result,Time(s),,,,,,,,,,,,,,,,,,,,,,,,,,,,
p69-result,41989.0,28.26788306236267,,,,,,,,,,,,,,,,,,,,,,,,,,,,
p69-status,1,1,0,0,0,1,0,0,1,1,0,0,0,0,1,0,0,0,1,0,0,0,0,0,0,0,0,1,1,1
p69-assignment,"[26, 47, 79, 50, 11, 90, 125, 132, 77, 129, 148, 33, 87, 18, 105, 175, 142, 96, 169, 188, 23, 39, 141]","[4, 134, 95, 160, 13, 16, 158, 170, 168, 136, 66, 22, 61, 80, 109, 85, 126]",[],[],[],"[180, 101, 94, 187, 182, 157, 75, 147, 29, 166, 176, 6, 163, 24, 191, 197, 152, 38, 181, 2, 164, 156, 145, 53, 74]",[],[],"[159, 82, 185, 54, 64, 173, 63, 198, 44, 162, 12, 76, 177, 171, 119, 139, 137, 133, 115, 36, 17, 46, 98]","[41, 124, 155, 73, 69, 45, 37, 10, 89, 135, 43, 32, 120, 57, 71, 97, 174, 128, 106, 154, 60, 151, 5]",[],[],[],[],"[72, 1, 42, 52, 100, 110, 78, 27, 48, 55, 67, 179, 122, 193, 49, 190, 143, 118]",[],[],[],"[0, 8, 56, 21, 40, 121, 184, 130, 127, 92, 117, 19, 70, 59, 196, 103, 20, 93]",[],[],[],[],[],[],[],[],"[131, 58, 150, 165, 3, 7, 51, 62, 81, 114, 116, 15, 108, 25, 140, 107, 9, 189, 65, 88, 161, 149, 112, 146]","[186, 30, 194, 153, 172, 199, 102, 138, 68, 83, 183, 144, 34, 99, 14]","[91, 28, 31, 178, 84, 111, 113, 35, 192, 167, 195, 86, 104, 123]"
problem,Result,Time(s),,,,,,,,,,,,,,,,,,,,,,,,,,,,
p70-result,48436.0,29.131426572799683,,,,,,,,,,,,,,,,,,,,,,,,,,,,
p70-status,1,1,0,0,0,1,0,0,1,1,0,0,0,0,1,0,0,0,1,0,0,0,0,0,0,0,0,1,1,1
p70-assignment,"[176, 177, 149, 98, 153, 6, 161, 61, 87, 50, 108, 19, 146, 165, 23, 81, 14, 169, 55, 33, 190, 2, 9, 188]","[109, 136, 75, 126, 170, 74, 168, 16, 29, 160, 80, 13, 4, 52, 159, 147, 171, 134]",[],[],[],"[181, 157, 189, 197, 175, 105, 182, 164, 166, 152, 47, 22, 66, 113, 77, 180, 145, 94, 101, 179, 191, 156, 18, 53, 187]",[],[],"[151, 54, 115, 85, 173, 154, 17, 162, 119, 36, 158, 129, 139, 44, 198, 64, 12, 63, 24, 46, 69, 137, 76]","[57, 82, 95, 37, 41, 128, 45, 78, 120, 49, 185, 135, 174, 1, 32, 73, 192, 27, 70, 142, 121, 124, 72]",[],[],[],[],"[67, 199, 30, 48, 133, 184, 123, 42, 68, 31, 118, 186, 91, 90, 110, 11, 172, 131]",[],[],[],"[0, 58, 65, 15, 79, 40, 25, 92, 59, 51, 116, 97, 196, 143, 89, 20, 144, 56]",[],[],[],[],[],[],[],[],"[112, 93, 150, 103, 7, 8, 107, 83, 194, 96, 141, 88, 38, 21, 125, 3, 140, 163, 138, 26, 122, 148, 62]","[102, 100, 155, 195, 114, 183, 39, 117, 99, 132, 34, 127, 130, 5]","[28, 111, 167, 106, 71, 178, 86, 84, 60, 10, 43, 35, 193, 104]"
problem,Result,Time(s),,,,,,,,,,,,,,,,,,,,,,,,,,,,
p71-result,36015.0,26.004750728607178,,,,,,,,,,,,,,,,,,,,,,,,,,,,
p71-status,0,0,1,0,1,0,1,0,0,0,1,0,0,1,1,0,0,1,1,0,0,0,0,1,1,1,0,0,1,1
p71-assignment,[],[],"[181, 4, 189, 180, 146, 131, 197, 2, 21, 87, 175, 47, 79, 166, 22, 190, 191, 126, 52]",[],"[167, 122, 193, 31, 45, 10, 1, 60, 124, 82, 32, 72, 43, 97]",[],"[91, 103, 56, 195, 199, 30, 35, 86, 42, 62, 196, 5, 96, 67, 192]",[],[],[],"[119, 177, 179, 36, 29, 74, 24, 73, 63, 75, 44, 133, 94, 187, 17, 145, 80, 54, 171]",[],[],"[77, 159, 136, 135, 198, 95, 158, 154, 160, 85, 137, 168, 162, 185, 64, 115]","[12, 128, 120, 49, 41, 100, 78, 132, 165, 76, 37, 68, 172, 110, 139, 18]",[],[],"[66, 155, 138, 142, 153, 98, 188, 90, 105, 99, 129, 9, 65, 81, 118]","[58, 108, 8, 130, 40, 92, 15, 112, 70, 148, 20, 150, 51, 0, 121, 125]",[],[],[],[],"[16, 134, 13, 164, 152, 109, 46, 101, 176, 61, 170, 173, 163]","[38, 26, 53, 147, 107, 19, 88, 3, 157, 6, 50, 39, 169, 23, 182, 33, 156]","[114, 184, 194, 127, 140, 89, 117, 59, 93, 143, 141, 83, 55, 69, 144, 102]",[],[],"[149, 27, 161, 151, 113, 48, 34, 7, 11, 14, 183, 25, 116, 186]","[111, 71, 178, 174, 28, 104, 57, 123, 106, 84]"
